,name,artist,artist_id,acousticness,danceability,duration_ms,energy,instrumentalness,liveness,loudness,mode,speechiness,tempo,time_signature,valence,analysis_url,genre
0,Haegeum,Agust D,5RmQ8k4l3HZ8JoPb4mNsML,0.313,0.697,168927,0.837,0.0,0.471,-2.651,1,0.304,85.097,5,0.831,https://api.spotify.com/v1/audio-analysis/4bjN59DRXFRxBE1g5ne6B1,{'k-rap'}
1,Daechwita,Agust D,5RmQ8k4l3HZ8JoPb4mNsML,0.0229,0.65,225668,0.827,0.0,0.121,-4.014,1,0.0599,144.995,4,0.223,https://api.spotify.com/v1/audio-analysis/0JKGe340YJwfDrpXqPQ8sw,{'k-rap'}
2,People Pt.2 (feat. IU),Agust D,5RmQ8k4l3HZ8JoPb4mNsML,0.391,0.729,213995,0.574,0.0,0.319,-4.779,0,0.0589,88.94,4,0.438,https://api.spotify.com/v1/audio-analysis/41JPN7pZMTp1sumBOHOzHd,{'k-rap'}
3,Interlude : Dawn,Agust D,5RmQ8k4l3HZ8JoPb4mNsML,0.898,0.188,105140,0.309,0.771,0.0621,-10.564,0,0.0287,90.687,4,0.0677,https://api.spotify.com/v1/audio-analysis/56tf3cHQkwmvoplotk5QXd,{'k-rap'}
4,D-Day,Agust D,5RmQ8k4l3HZ8JoPb4mNsML,0.294,0.59,211373,0.878,0.0,0.0959,-3.199,0,0.266,139.934,5,0.699,https://api.spotify.com/v1/audio-analysis/22W6wI4hDTjMAYKKBQW9dU,{'k-rap'}
5,AMYGDALA,Agust D,5RmQ8k4l3HZ8JoPb4mNsML,0.226,0.311,251533,0.769,0.0,0.105,-4.637,1,0.0553,78.265,4,0.16,https://api.spotify.com/v1/audio-analysis/5fj32MKLHkut2Vod1UodcU,{'k-rap'}
6,People,Agust D,5RmQ8k4l3HZ8JoPb4mNsML,0.0616,0.76,197001,0.682,0.0,0.118,-6.441,1,0.0371,120.008,4,0.372,https://api.spotify.com/v1/audio-analysis/6HDHaCnH2FCSdEwXrJfEVF,{'k-rap'}
7,"Snooze (feat. Ryuichi Sakamoto, WOOSUNG of The Rose)",Agust D,5RmQ8k4l3HZ8JoPb4mNsML,0.21,0.761,264761,0.777,0.0,0.0771,-4.68,0,0.0941,89.959,4,0.377,https://api.spotify.com/v1/audio-analysis/4j3M8NrbGSXdMPwEVsnfHE,{'k-rap'}
8,Life Goes On,Agust D,5RmQ8k4l3HZ8JoPb4mNsML,0.0345,0.439,197639,0.733,0.0,0.292,-6.471,1,0.0773,162.125,4,0.615,https://api.spotify.com/v1/audio-analysis/7gv3UYPh05ZDP7Io5BIsn7,{'k-rap'}
9,HUH?! (feat. j-hope),Agust D,5RmQ8k4l3HZ8JoPb4mNsML,0.207,0.763,183290,0.806,0.0,0.229,-2.785,1,0.302,139.911,4,0.522,https://api.spotify.com/v1/audio-analysis/6XrPzwKeGzEvtan3acn7VH,{'k-rap'}
10,EENIE MEENIE (Feat. Hongjoong of ATEEZ),CHUNG HA,2PSJ6YriU7JsFucxACpU7Y,0.176,0.819,170067,0.719,0.0,0.0558,-4.187,1,0.198,99.892,4,0.703,https://api.spotify.com/v1/audio-analysis/3WFTUAPrXvqg3SXC0bsukz,{'k-pop'}
11,I’m Ready,CHUNG HA,2PSJ6YriU7JsFucxACpU7Y,0.0272,0.717,192773,0.882,0.0,0.0892,-3.621,1,0.163,125.07,4,0.511,https://api.spotify.com/v1/audio-analysis/1uHAvl4MdI8zbobFG9FueP,{'k-pop'}
12,Gotta Go,CHUNG HA,2PSJ6YriU7JsFucxACpU7Y,0.0741,0.531,221813,0.83,0.0,0.0993,-2.526,0,0.0446,101.903,4,0.419,https://api.spotify.com/v1/audio-analysis/1exnDFdC34GyBcaLt9ZJfX,{'k-pop'}
13,Roller Coaster,CHUNG HA,2PSJ6YriU7JsFucxACpU7Y,0.317,0.633,212136,0.907,0.0,0.221,-1.459,0,0.048,130.001,4,0.74,https://api.spotify.com/v1/audio-analysis/6DIW7GJbuGZdHolRcPWprP,{'k-pop'}
14,Snapping,CHUNG HA,2PSJ6YriU7JsFucxACpU7Y,0.0706,0.746,213164,0.726,3.43e-06,0.278,-3.499,0,0.0394,104.961,4,0.578,https://api.spotify.com/v1/audio-analysis/4IOxk5ep5ONrdlL0ZIy64v,{'k-pop'}
15,When I Get Old,Christopher,3zDRCqOhJXJfS2YWOEwGMC,0.257,0.723,184828,0.641,0.0,0.203,-4.17,0,0.0315,127.418,4,0.658,https://api.spotify.com/v1/audio-analysis/5f2CcxzZoW7hNs1O8NhG6y,{'danish pop'}
16,Killing Me,CHUNG HA,2PSJ6YriU7JsFucxACpU7Y,0.35,0.722,164053,0.851,0.0,0.0661,-2.589,1,0.264,122.012,4,0.763,https://api.spotify.com/v1/audio-analysis/3QD0Y1tTngihByjdWC99lG,{'k-pop'}
17,Dream of You (with R3hab),CHUNG HA,2PSJ6YriU7JsFucxACpU7Y,0.0336,0.658,192735,0.728,1.76e-06,0.114,-3.895,0,0.0651,117.088,4,0.615,https://api.spotify.com/v1/audio-analysis/5avjngfV5MZAmEVPytbMqT,{'k-pop'}
18,Stay Tonight,CHUNG HA,2PSJ6YriU7JsFucxACpU7Y,0.201,0.624,217239,0.833,0.000498,0.0812,-2.17,0,0.0551,121.035,4,0.522,https://api.spotify.com/v1/audio-analysis/5KRY2UxuFPXmQNMmKwj5aW,{'k-pop'}
19,Bicycle,CHUNG HA,2PSJ6YriU7JsFucxACpU7Y,0.00582,0.634,179156,0.901,0.0,0.247,-2.519,0,0.0577,146.006,4,0.804,https://api.spotify.com/v1/audio-analysis/1KcazK9joq1rbdQUlr4NBj,{'k-pop'}
20,28 Reasons,SEULGI,2QM5S4yO6xHgnNvF0nbZZq,0.211,0.766,189413,0.651,2.51e-06,0.144,-3.546,0,0.0952,121.995,4,0.488,https://api.spotify.com/v1/audio-analysis/1dfsPqH09vnzUWEOsN98Ex,{'k-pop'}
21,Anywhere But Home,SEULGI,2QM5S4yO6xHgnNvF0nbZZq,0.345,0.698,201093,0.798,1.47e-06,0.377,-2.583,1,0.0825,117.051,4,0.528,https://api.spotify.com/v1/audio-analysis/7vRodvsF37NGUYRSVMIRXj,{'k-pop'}
22,In my memory,SEULGI,2QM5S4yO6xHgnNvF0nbZZq,0.651,0.457,205133,0.739,0.0,0.113,-2.879,1,0.0391,85.026,4,0.546,https://api.spotify.com/v1/audio-analysis/0f1dv8Dp9wZGkiYgkjIJnj,{'k-pop'}
23,Hot & Cold,KAI,6iVo62B0bdTknRcrktCmak,0.0453,0.736,207173,0.769,0.000227,0.163,-5.287,1,0.258,104.094,4,0.863,https://api.spotify.com/v1/audio-analysis/1oy2B6xsqSwCRBBynYtaUl,{'k-pop'}
24,Wow Thing,SEULGI,2QM5S4yO6xHgnNvF0nbZZq,0.115,0.703,171998,0.894,0.0,0.363,-3.52,0,0.281,104.043,4,0.737,https://api.spotify.com/v1/audio-analysis/5MwfxCtqMFGYp9Nc1BkTrS,{'k-pop'}
25,Dead Man Runnin’,SEULGI,2QM5S4yO6xHgnNvF0nbZZq,0.216,0.54,199320,0.744,0.0,0.116,-2.605,1,0.0617,150.021,4,0.299,https://api.spotify.com/v1/audio-analysis/5eFGkCXi83auDi0bcDBEKD,{'k-pop'}
26,"Bad Boy, Sad Girl",SEULGI,2QM5S4yO6xHgnNvF0nbZZq,0.348,0.752,177067,0.632,0.0,0.111,-3.52,1,0.0947,148.01,4,0.644,https://api.spotify.com/v1/audio-analysis/4K08CJWZXj85wkMIvCrVFg,{'k-pop'}
27,Los Angeles,SEULGI,2QM5S4yO6xHgnNvF0nbZZq,0.129,0.741,222667,0.727,0.00448,0.11,-6.658,1,0.0344,118.942,4,0.397,https://api.spotify.com/v1/audio-analysis/567IUuKvajZzMJPiLEzci4,{'k-pop'}
28,Crown,SEULGI,2QM5S4yO6xHgnNvF0nbZZq,0.443,0.604,195813,0.58,0.000337,0.164,-5.119,0,0.0703,86.015,4,0.34,https://api.spotify.com/v1/audio-analysis/4Y0EawuG8OtyYNyJulWnDu,{'k-pop'}
29,Only You,WENDY,0FRUZvZNPzM3YJMABJxf2K,0.204,0.75,198173,0.846,1.21e-05,0.381,-3.206,1,0.0358,99.975,4,0.669,https://api.spotify.com/v1/audio-analysis/3gYSjwe2AvcfIlbAVIAf9G,"{'k-pop', 'korean pop'}"
30,Heart Attack (츄),LOONA,52zMTJCKluDlFwMQWmccY7,0.0524,0.663,194941,0.857,0.0,0.591,-3.457,1,0.0581,99.014,4,0.75,https://api.spotify.com/v1/audio-analysis/6SSC9KZQaxBdyipKRigrFC,"{'k-pop', 'k-pop girl group'}"
31,PTT (Paint The Town),LOONA,52zMTJCKluDlFwMQWmccY7,0.0735,0.781,201120,0.814,1.92e-05,0.0565,-2.437,1,0.1,124.028,4,0.546,https://api.spotify.com/v1/audio-analysis/5awNIWVrh2ISfvPd5IUZNh,"{'k-pop', 'k-pop girl group'}"
32,Hi High,LOONA,52zMTJCKluDlFwMQWmccY7,0.0349,0.671,196801,0.918,9.59e-06,0.215,-2.267,0,0.0615,97.005,4,0.543,https://api.spotify.com/v1/audio-analysis/4EMAaWwu2zXTkXIA6YPKkt,"{'k-pop', 'k-pop girl group'}"
33,Why Not?,LOONA,52zMTJCKluDlFwMQWmccY7,0.0999,0.806,205520,0.934,0.00096,0.0618,-0.837,1,0.122,128.016,4,0.431,https://api.spotify.com/v1/audio-analysis/6gDWKVUuk9P01YTNow2kiP,"{'k-pop', 'k-pop girl group'}"
34,Butterfly,LOONA,52zMTJCKluDlFwMQWmccY7,0.034,0.582,237707,0.849,0.000138,0.119,-4.153,0,0.0414,107.004,4,0.355,https://api.spotify.com/v1/audio-analysis/6wNKKoUQfLPmch7cqSFytV,"{'k-pop', 'k-pop girl group'}"
35,Flip That,LOONA,52zMTJCKluDlFwMQWmccY7,0.072,0.803,177373,0.831,0.0,0.328,-3.649,0,0.0569,112.045,4,0.736,https://api.spotify.com/v1/audio-analysis/7cHXwaBnIBFUPuP376z07E,"{'k-pop', 'k-pop girl group'}"
36,So What,LOONA,52zMTJCKluDlFwMQWmccY7,0.0963,0.609,198001,0.944,1.26e-05,0.222,-2.503,1,0.254,125.121,4,0.533,https://api.spotify.com/v1/audio-analysis/1ry2mTVmAJHbNLzl5qww5v,"{'k-pop', 'k-pop girl group'}"
37,Star,LOONA,52zMTJCKluDlFwMQWmccY7,0.0575,0.715,198187,0.919,0.00405,0.0607,-1.788,0,0.0554,158.143,4,0.872,https://api.spotify.com/v1/audio-analysis/5ShU1AEd2oIGkTocr2zaWn,"{'k-pop', 'k-pop girl group'}"
38,Eclipse,LOONA,52zMTJCKluDlFwMQWmccY7,0.396,0.526,231237,0.781,0.0,0.122,-4.3,0,0.106,97.565,4,0.45,https://api.spotify.com/v1/audio-analysis/26K21MUaPDTnzHqtiiffFv,"{'k-pop', 'k-pop girl group'}"
39,키스는 다음에,LOONA,52zMTJCKluDlFwMQWmccY7,0.176,0.412,199754,0.767,0.0,0.0733,-4.108,1,0.0914,207.437,4,0.634,https://api.spotify.com/v1/audio-analysis/3DGKXLtVjawKFweymvHn84,"{'k-pop', 'k-pop girl group'}"
40,I AM,IVE,6RHTUrRF63xao58xh9FXYJ,0.0115,0.683,183853,0.875,0.0,0.084,-4.866,0,0.0549,122.002,4,0.384,https://api.spotify.com/v1/audio-analysis/70t7Q6AYG6ZgTYmJWcnkUM,{'k-pop girl group'}
41,Baddie,IVE,6RHTUrRF63xao58xh9FXYJ,0.0459,0.736,154360,0.678,5.46e-06,0.104,-4.503,1,0.0464,160.045,4,0.757,https://api.spotify.com/v1/audio-analysis/7uyeEbG6hyApgXuEypGcsZ,{'k-pop girl group'}
42,After LIKE,IVE,6RHTUrRF63xao58xh9FXYJ,0.103,0.68,176973,0.922,0.0,0.0877,-1.215,1,0.121,125.014,4,0.799,https://api.spotify.com/v1/audio-analysis/2gYj9lubBorOPIVWsTXugG,{'k-pop girl group'}
43,LOVE DIVE,IVE,6RHTUrRF63xao58xh9FXYJ,0.00379,0.703,177187,0.709,5.43e-05,0.333,-4.169,0,0.0433,117.941,4,0.538,https://api.spotify.com/v1/audio-analysis/0Q5VnK2DYzRyfqQRJuUtvi,{'k-pop girl group'}
44,Off The Record,IVE,6RHTUrRF63xao58xh9FXYJ,0.101,0.767,188733,0.745,0.0,0.192,-5.338,1,0.0449,107.984,4,0.842,https://api.spotify.com/v1/audio-analysis/3G7MgLuWLzUJQflWOCDZit,{'k-pop girl group'}
45,Kitsch,IVE,6RHTUrRF63xao58xh9FXYJ,0.0119,0.8,195440,0.792,1.11e-06,0.0495,-4.953,1,0.0529,102.0,4,0.455,https://api.spotify.com/v1/audio-analysis/7foeH2Emgq8A3LWk3q6dat,{'k-pop girl group'}
46,ELEVEN,IVE,6RHTUrRF63xao58xh9FXYJ,0.0617,0.828,178453,0.731,0.0,0.048,-3.033,1,0.111,119.978,4,0.587,https://api.spotify.com/v1/audio-analysis/7n2FZQsaLb7ZRfRPfEeIvr,{'k-pop girl group'}
47,All Night (feat. Saweetie),IVE,6RHTUrRF63xao58xh9FXYJ,0.129,0.767,197764,0.792,0.0,0.324,-4.123,0,0.0471,124.002,4,0.35,https://api.spotify.com/v1/audio-analysis/1hkeifGMiDQjXlvAsIoDaa,{'k-pop girl group'}
48,Either Way,IVE,6RHTUrRF63xao58xh9FXYJ,0.461,0.701,166947,0.588,0.0,0.24,-4.059,0,0.0475,123.078,4,0.394,https://api.spotify.com/v1/audio-analysis/6ezYHltHYhuJckdCsYsRJI,{'k-pop girl group'}
49,I WANT,IVE,6RHTUrRF63xao58xh9FXYJ,0.0328,0.793,180627,0.768,0.0,0.121,-1.909,1,0.0499,129.944,4,0.802,https://api.spotify.com/v1/audio-analysis/1Xnha5ko8j7yY8O3ATe0Vs,{'k-pop girl group'}
50,卒業 - カバー,SANA,4a4zvpQq5Phxr12Pu8Akmm,0.823,0.54,145573,0.339,0.0,0.327,-6.399,1,0.0378,77.315,4,0.141,https://api.spotify.com/v1/audio-analysis/49ZNaGuQqjaJlSwkSB60Hl,set()
51,卒業,SANA,4a4zvpQq5Phxr12Pu8Akmm,0.894,0.592,145546,0.356,0.0,0.286,-6.71,1,0.0343,77.906,4,0.133,https://api.spotify.com/v1/audio-analysis/06acczzHQCgQgODg7LJTLZ,set()
52,卒業 - カバー - アカペラ ver.,SANA,4a4zvpQq5Phxr12Pu8Akmm,0.886,0.684,139707,0.305,0.0,0.296,-10.894,1,0.759,136.654,1,0.115,https://api.spotify.com/v1/audio-analysis/7oWx9g61BkCnoQFFluqkO9,set()
53,Do not touch,MISAMO,0IwZVmMMGE7nNXS7vN9SIo,0.137,0.72,185600,0.787,0.0,0.0418,-4.54,0,0.188,149.972,4,0.842,https://api.spotify.com/v1/audio-analysis/5gq7xM6eI16osBO2U581NL,{'k-pop girl group'}
54,Marshmallow,MISAMO,0IwZVmMMGE7nNXS7vN9SIo,0.447,0.753,182321,0.651,0.0,0.187,-6.546,0,0.0458,90.022,4,0.809,https://api.spotify.com/v1/audio-analysis/1V6H3YoNZJ2WlPmwsaOXZx,{'k-pop girl group'}
55,Bouquet,MISAMO,0IwZVmMMGE7nNXS7vN9SIo,0.139,0.611,264389,0.594,0.0,0.114,-5.194,1,0.0295,91.014,4,0.431,https://api.spotify.com/v1/audio-analysis/3XwMdYdN6PauyBAOQxlu76,{'k-pop girl group'}
56,Funny Valentine,MISAMO,0IwZVmMMGE7nNXS7vN9SIo,0.297,0.553,197080,0.707,0.0,0.107,-3.713,0,0.0466,185.968,4,0.687,https://api.spotify.com/v1/audio-analysis/4xtgQGbQnII1buKgl5fguT,{'k-pop girl group'}
57,Behind The Curtain,MISAMO,0IwZVmMMGE7nNXS7vN9SIo,0.184,0.72,178733,0.63,0.0,0.28,-3.578,0,0.0437,82.449,4,0.745,https://api.spotify.com/v1/audio-analysis/14nturKxV48wR3lbknehiu,{'k-pop girl group'}
58,It's not easy for you,MISAMO,0IwZVmMMGE7nNXS7vN9SIo,0.195,0.694,140413,0.755,0.0,0.105,-3.189,0,0.0328,80.017,4,0.603,https://api.spotify.com/v1/audio-analysis/1qNk7XPTbyuO4bsDl0T6nN,{'k-pop girl group'}
59,Rewind you,MISAMO,0IwZVmMMGE7nNXS7vN9SIo,0.327,0.728,197120,0.661,0.0,0.0779,-3.681,0,0.0725,95.022,4,0.382,https://api.spotify.com/v1/audio-analysis/1ND5rLpNQsyLxRd84HysSn,{'k-pop girl group'}
60,Super Lady,(G)I-DLE,2AfmfGFbe0A0WsTYm0SDTx,0.0927,0.795,152187,0.869,0.0,0.109,-4.456,0,0.116,121.941,4,0.525,https://api.spotify.com/v1/audio-analysis/5qI5EUqfDJpQ7w6sMECK7U,{'k-pop girl group'}
61,Queencard,(G)I-DLE,2AfmfGFbe0A0WsTYm0SDTx,0.0327,0.815,161240,0.834,0.000268,0.27,-2.828,0,0.0475,129.989,4,0.692,https://api.spotify.com/v1/audio-analysis/4uOBL4DDWWVx4RhYKlPbPC,{'k-pop girl group'}
62,Wife,(G)I-DLE,2AfmfGFbe0A0WsTYm0SDTx,0.0264,0.899,121227,0.823,0.00222,0.342,-5.002,0,0.114,123.983,4,0.625,https://api.spotify.com/v1/audio-analysis/1j8jqwFpFQ8YqsIJAiYFLZ,{'k-pop girl group'}
63,"Fire! (feat. YUQI ((G)I-DLE), JVKE)",Alan Walker,7vk5e3vY1uw9plTHJAMwjN,0.0621,0.764,137603,0.702,0.0,0.08,-5.738,1,0.0471,125.0,4,0.378,https://api.spotify.com/v1/audio-analysis/5B8VpcIC3EAI3wke3XQoRy,{'electro house'}
64,TOMBOY,(G)I-DLE,2AfmfGFbe0A0WsTYm0SDTx,0.00988,0.755,174387,0.87,0.0,0.0917,-2.414,0,0.0936,124.032,4,0.645,https://api.spotify.com/v1/audio-analysis/0IGUXY4JbK18bu9oD4mPIm,{'k-pop girl group'}
65,Nxde,(G)I-DLE,2AfmfGFbe0A0WsTYm0SDTx,0.0413,0.726,178453,0.91,7.81e-06,0.479,-1.948,0,0.179,135.966,4,0.648,https://api.spotify.com/v1/audio-analysis/6NnCWIWV740gP7DQ8kqdIE,{'k-pop girl group'}
66,POP/STARS,K/DA,4gOc8TsQed9eqnqJct2c5v,0.0183,0.566,191100,0.769,0.0,0.108,-4.342,1,0.0872,170.036,4,0.385,https://api.spotify.com/v1/audio-analysis/5sbooPcNgIE22DwO0VNGUJ,{'k-pop girl group'}
67,Fate,(G)I-DLE,2AfmfGFbe0A0WsTYm0SDTx,0.227,0.872,161547,0.73,0.0,0.374,-4.86,1,0.0998,114.956,4,0.812,https://api.spotify.com/v1/audio-analysis/2vNPGH1x5ZwxTjlvzLCyc2,{'k-pop girl group'}
68,MY BAG,(G)I-DLE,2AfmfGFbe0A0WsTYm0SDTx,0.0864,0.838,160520,0.823,7.12e-05,0.156,-3.929,0,0.164,94.024,4,0.759,https://api.spotify.com/v1/audio-analysis/1t8sqIScEIP0B4bQzBuI2P,{'k-pop girl group'}
69,MORE,K/DA,4gOc8TsQed9eqnqJct2c5v,0.00257,0.66,217088,0.787,0.0,0.323,-4.592,0,0.032,142.018,4,0.199,https://api.spotify.com/v1/audio-analysis/6juLaduD4STCUDWT0AYun4,{'k-pop girl group'}
70,Christmas Without You - Cover,TZUYU,0XW9GdhUxtAuFJDde9YnPk,0.387,0.736,168078,0.593,0.0,0.161,-5.263,1,0.0496,117.983,4,0.27,https://api.spotify.com/v1/audio-analysis/0dWAskvI748LfGCqRJRCPg,set()
71,Love Me Again,V,3JsHnjpbhX4SnySpvpa9DK,0.183,0.633,182293,0.607,1.38e-06,0.167,-6.182,0,0.0532,74.029,4,0.363,https://api.spotify.com/v1/audio-analysis/2N0SPREDYqILVEFSsWF5N5,"{'korean ost', 'j-division'}"
72,FRI(END)S,V,3JsHnjpbhX4SnySpvpa9DK,0.0315,0.466,148082,0.601,0.0,0.0927,-4.468,1,0.053,53.376,4,0.627,https://api.spotify.com/v1/audio-analysis/0PBTlQ84CBJF0tBnKGmQa6,"{'korean ost', 'j-division'}"
73,Slow Dancing,V,3JsHnjpbhX4SnySpvpa9DK,0.257,0.579,187027,0.63,0.00462,0.0986,-7.758,1,0.058,155.96,4,0.552,https://api.spotify.com/v1/audio-analysis/5h1BN75CEh8wdSwE1xrbSe,"{'korean ost', 'j-division'}"
74,wherever u r (ft. V of BTS),UMI,4ClziihVpBeFXNyDH83Lde,0.794,0.69,153715,0.52,3.92e-05,0.108,-8.072,1,0.0355,105.005,3,0.225,https://api.spotify.com/v1/audio-analysis/1k255f17DRuRbGrfz5Ifmd,"{'alternative r&b', 'bedroom soul'}"
75,Rainy Days,V,3JsHnjpbhX4SnySpvpa9DK,0.739,0.633,179560,0.454,0.0,0.148,-8.016,0,0.0875,74.828,4,0.282,https://api.spotify.com/v1/audio-analysis/5ydjxBSUIDn26MFzU3asP4,"{'korean ost', 'j-division'}"
76,For Us,V,3JsHnjpbhX4SnySpvpa9DK,0.798,0.556,171160,0.339,0.0118,0.172,-11.128,0,0.033,84.968,4,0.215,https://api.spotify.com/v1/audio-analysis/4HAOgAnILvXCbSODMoRnmD,"{'korean ost', 'j-division'}"
77,Blue,V,3JsHnjpbhX4SnySpvpa9DK,0.68,0.735,149853,0.442,0.0011,0.0992,-9.529,0,0.0719,128.013,4,0.277,https://api.spotify.com/v1/audio-analysis/2UU11hvjN1JIn4iihEodNT,"{'korean ost', 'j-division'}"
78,Slow Dancing (Piano Ver.),V,3JsHnjpbhX4SnySpvpa9DK,0.366,0.609,188093,0.614,0.00108,0.108,-8.154,1,0.0699,156.019,4,0.564,https://api.spotify.com/v1/audio-analysis/7pgbDdy7ax962o9d2xJceV,"{'korean ost', 'j-division'}"
79,FRI(END)S (Instrumental),V,3JsHnjpbhX4SnySpvpa9DK,0.000496,0.73,148436,0.565,0.839,0.0877,-6.17,0,0.0763,160.047,3,0.456,https://api.spotify.com/v1/audio-analysis/6G3myAs4HemIdtLYhhjGLP,"{'korean ost', 'j-division'}"
80,FRI(END)S (Sped Up),V,3JsHnjpbhX4SnySpvpa9DK,0.0221,0.658,123000,0.7,0.0,0.0803,-4.075,1,0.0401,189.675,3,0.683,https://api.spotify.com/v1/audio-analysis/0v6wAlWCzHYj1OuJrVuH7J,"{'korean ost', 'j-division'}"
81,Wild Flower (with youjeen),RM,2auC28zjQyVTsiZKNgPRGs,0.0282,0.486,273500,0.766,0.0,0.123,-5.821,1,0.0938,154.992,4,0.417,https://api.spotify.com/v1/audio-analysis/1AZjCZSGEjlxUufFQwSszF,{'k-rap'}
82,Still Life (with Anderson .Paak),RM,2auC28zjQyVTsiZKNgPRGs,0.277,0.831,175329,0.721,0.0,0.0403,-5.447,0,0.164,124.007,4,0.443,https://api.spotify.com/v1/audio-analysis/3p4N6mBFv42M8dI8SUoPre,{'k-rap'}
83,Change pt.2,RM,2auC28zjQyVTsiZKNgPRGs,0.0773,0.677,114026,0.477,0.0,0.396,-8.237,1,0.208,78.896,4,0.384,https://api.spotify.com/v1/audio-analysis/2hMvhh9FiCB6njOYR7tkT8,{'k-rap'}
84,Lonely,RM,2auC28zjQyVTsiZKNgPRGs,0.168,0.786,166021,0.583,0.000118,0.0828,-7.471,0,0.0371,114.487,4,0.674,https://api.spotify.com/v1/audio-analysis/49iPCmLYg3SS8r2MXcbR1N,{'k-rap'}
85,"Closer (with Paul Blanco, Mahalia)",RM,2auC28zjQyVTsiZKNgPRGs,0.459,0.507,196508,0.706,2.37e-06,0.163,-6.395,1,0.173,92.828,4,0.403,https://api.spotify.com/v1/audio-analysis/0Cuwd86fyu0lPVokzTp8Hu,{'k-rap'}
86,All Day (with Tablo),RM,2auC28zjQyVTsiZKNgPRGs,0.103,0.756,186186,0.692,0.0,0.283,-4.434,1,0.122,115.067,4,0.553,https://api.spotify.com/v1/audio-analysis/3PgnXyzWXrEoE0oQdLMF3M,{'k-rap'}
87,seoul (prod. HONNE),RM,2auC28zjQyVTsiZKNgPRGs,0.344,0.581,275955,0.664,2.48e-05,0.324,-8.63,1,0.0649,99.829,4,0.452,https://api.spotify.com/v1/audio-analysis/1sKsYTGy8XfHjCYqcudqG5,{'k-rap'}
88,Yun (with Erykah Badu),RM,2auC28zjQyVTsiZKNgPRGs,0.429,0.476,233688,0.7,0.0,0.157,-5.569,0,0.276,85.114,4,0.625,https://api.spotify.com/v1/audio-analysis/3F3PuqGinS2T1ePmjUTw9t,{'k-rap'}
89,No.2 (with parkjiyoon),RM,2auC28zjQyVTsiZKNgPRGs,0.599,0.727,193964,0.619,0.0,0.0801,-8.399,1,0.0808,94.001,4,0.549,https://api.spotify.com/v1/audio-analysis/2sXaFMTkBHYrEgfGJ2y27a,{'k-rap'}
90,Hectic (with Colde),RM,2auC28zjQyVTsiZKNgPRGs,0.0189,0.695,226190,0.735,7.8e-05,0.213,-6.352,0,0.0473,109.999,4,0.366,https://api.spotify.com/v1/audio-analysis/3ZCuqvHYhjDlliRH9oCs77,{'k-rap'}
91,STUPID IN LOVE (feat. HUH YUNJIN of LE SSERAFIM),MAX,1bqxdqvUtPWZri43cKHac8,0.0824,0.656,173336,0.695,0.0,0.38,-5.295,0,0.103,152.859,4,0.589,https://api.spotify.com/v1/audio-analysis/3W2kGv8CcwRl2MWQN5vxKL,"{'viral pop', 'singer-songwriter pop', 'teen pop'}"
92,"Yes or No (Feat. 허윤진 of LE SSERAFIM, Crush)",GroovyRoom,29HqjVbJr3vsc2l6BTI4eB,0.137,0.674,179147,0.932,1.08e-05,0.0934,-2.921,1,0.0417,130.986,4,0.469,https://api.spotify.com/v1/audio-analysis/3m5PgWSClkZ44vdFmPiqpq,"{'korean r&b', 'k-rap'}"
93,love you twice,HUH YUNJIN,13yWtUnz63q5VIs5SwoMhy,0.42,0.749,172189,0.553,0.000198,0.31,-6.385,1,0.0374,96.044,4,0.641,https://api.spotify.com/v1/audio-analysis/0GLXQAdrh4tdvz0JLw8DX8,set()
94,I ≠ DOLL,HUH YUNJIN,13yWtUnz63q5VIs5SwoMhy,0.00289,0.618,150270,0.787,0.0,0.146,-5.456,1,0.0621,159.996,4,0.389,https://api.spotify.com/v1/audio-analysis/1d6xaY4JvvqTWfgCeJAtWa,set()
95,Raise y_our glass,HUH YUNJIN,13yWtUnz63q5VIs5SwoMhy,0.581,0.567,212164,0.503,0.0,0.369,-6.119,1,0.124,72.798,4,0.184,https://api.spotify.com/v1/audio-analysis/7j1vFohEm1lbsctYY9gyGd,set()
96,blessing in disguise,HUH YUNJIN,13yWtUnz63q5VIs5SwoMhy,0.0367,0.544,226633,0.919,0.0,0.287,-2.33,1,0.124,114.68,4,0.661,https://api.spotify.com/v1/audio-analysis/3d9qrCD7YR4dFTY0xIP8yq,set()
97,STUPID IN LOVE (feat. HUH YUNJIN of LE SSERAFIM) - Stripped Version,MAX,1bqxdqvUtPWZri43cKHac8,0.869,0.637,169608,0.408,0.0,0.0967,-5.423,0,0.0378,76.452,4,0.604,https://api.spotify.com/v1/audio-analysis/2ED71uZCYogHDMcYh7nTW2,"{'viral pop', 'singer-songwriter pop', 'teen pop'}"
98,Last Christmas,HUH YUNJIN,13yWtUnz63q5VIs5SwoMhy,0.308,0.651,211053,0.499,0.0,0.194,-5.252,1,0.0303,108.055,4,0.292,https://api.spotify.com/v1/audio-analysis/4pWhirHrE0xY4mPwDRMVfH,set()
99,STUPID IN LOVE (feat. HUH YUNJIN of LE SSERAFIM) - Sped Up,MAX,1bqxdqvUtPWZri43cKHac8,0.164,0.618,144985,0.756,0.0,0.315,-5.148,0,0.136,182.682,4,0.533,https://api.spotify.com/v1/audio-analysis/7mlxNOQjlZ6AbnGX2bR9iG,"{'viral pop', 'singer-songwriter pop', 'teen pop'}"
100,STUPID IN LOVE (feat. HUH YUNJIN of LE SSERAFIM) - Slowed Down,MAX,1bqxdqvUtPWZri43cKHac8,0.059,0.709,215614,0.628,0.0,0.348,-5.678,1,0.0431,122.864,4,0.473,https://api.spotify.com/v1/audio-analysis/1icYlJFQbNSRwwyW3MFLkT,"{'viral pop', 'singer-songwriter pop', 'teen pop'}"
101,WA DA DA,Kep1er,5R7AMwDeroq6Ls0COQYpS4,0.00122,0.785,183693,0.907,3.11e-06,0.213,-2.657,1,0.0938,126.004,4,0.685,https://api.spotify.com/v1/audio-analysis/4gdiCHNbwugojBqr5Jt3pq,{'k-pop'}
102,Up!,Kep1er,5R7AMwDeroq6Ls0COQYpS4,0.0205,0.753,192027,0.932,4.31e-06,0.0326,-2.706,1,0.119,124.006,4,0.918,https://api.spotify.com/v1/audio-analysis/3XZAvh2NCDQYHgJei35VQ1,{'k-pop'}
103,Giddy,Kep1er,5R7AMwDeroq6Ls0COQYpS4,0.0334,0.705,184240,0.872,3.93e-06,0.367,-2.798,1,0.158,104.9,4,0.74,https://api.spotify.com/v1/audio-analysis/6blIAzkMKENKqAfMwj5cZQ,{'k-pop'}
104,Galileo,Kep1er,5R7AMwDeroq6Ls0COQYpS4,0.0786,0.793,188253,0.943,0.0,0.0656,-2.028,1,0.096,119.012,4,0.846,https://api.spotify.com/v1/audio-analysis/2nehY8ewjt4clnD40SclwM,{'k-pop'}
105,Back to the City,Kep1er,5R7AMwDeroq6Ls0COQYpS4,0.00829,0.527,200000,0.853,0.0,0.493,-1.626,1,0.0609,176.934,4,0.448,https://api.spotify.com/v1/audio-analysis/2Zx7YnpyTsQvjAf9elDsgX,{'k-pop'}
106,We Fresh (Japanese version),Kep1er,5R7AMwDeroq6Ls0COQYpS4,0.00359,0.772,195893,0.929,0.000287,0.36,-2.037,1,0.0914,126.98,4,0.586,https://api.spotify.com/v1/audio-analysis/6yNiRX1IennJtjglN10qpK,{'k-pop'}
107,Wing Wing,Kep1er,5R7AMwDeroq6Ls0COQYpS4,0.0202,0.734,195227,0.904,0.00135,0.0388,-2.819,0,0.105,128.064,4,0.631,https://api.spotify.com/v1/audio-analysis/1uKI4JKUIUJC0aXJqKCl6y,{'k-pop'}
108,Grand Prix,Kep1er,5R7AMwDeroq6Ls0COQYpS4,0.0345,0.723,187787,0.914,0.0,0.329,-2.236,1,0.0385,127.019,4,0.406,https://api.spotify.com/v1/audio-analysis/5btc1Il6aABmVNUOjooNK8,{'k-pop'}
109,MVSK,Kep1er,5R7AMwDeroq6Ls0COQYpS4,0.0189,0.798,190707,0.945,0.0,0.127,-3.02,1,0.176,129.95,4,0.658,https://api.spotify.com/v1/audio-analysis/0dTEMO9G2uu9Vbu3f8Swto,{'k-pop'}
110,THE GIRLS (Can’t turn me down) (Remastered),Kep1er,5R7AMwDeroq6Ls0COQYpS4,0.0269,0.631,237960,0.866,0.0,0.279,-2.749,1,0.053,171.92,4,0.233,https://api.spotify.com/v1/audio-analysis/4J4OBQ69Fx4ST0doz48FE4,{'k-pop'}
111,晴る,ヨルシカ,4UK2Lzi6fBfUi9rpDt6cik,0.032,0.695,270705,0.571,3.58e-06,0.118,-6.249,0,0.111,101.955,4,0.726,https://api.spotify.com/v1/audio-analysis/5eY7692tmgHB9dbmq6wa2M,{'j-pop'}
112,ただ君に晴れ,ヨルシカ,4UK2Lzi6fBfUi9rpDt6cik,0.343,0.679,198971,0.834,5.74e-06,0.119,-3.223,1,0.032,139.996,4,0.962,https://api.spotify.com/v1/audio-analysis/3wJHCry960drNlAUGrJLmz,{'j-pop'}
113,だから僕は音楽を辞めた,ヨルシカ,4UK2Lzi6fBfUi9rpDt6cik,0.36,0.65,242913,0.88,0.00369,0.23,-5.326,1,0.0283,124.985,4,0.921,https://api.spotify.com/v1/audio-analysis/5j7ixaLeGTGSv4DzKs0pCM,{'j-pop'}
114,言って。,ヨルシカ,4UK2Lzi6fBfUi9rpDt6cik,0.00745,0.608,242182,0.749,0.000297,0.0366,-4.605,1,0.0536,180.014,4,0.821,https://api.spotify.com/v1/audio-analysis/6z1TvLTR0oOsWSJfDrERmj,{'j-pop'}
115,斜陽,ヨルシカ,4UK2Lzi6fBfUi9rpDt6cik,0.0325,0.786,200187,0.45,0.0,0.226,-6.182,1,0.0453,123.995,4,0.88,https://api.spotify.com/v1/audio-analysis/2U6mFmBDjaAu6oCCDRpRet,{'j-pop'}
116,ヒッチコック,ヨルシカ,4UK2Lzi6fBfUi9rpDt6cik,0.285,0.547,222814,0.796,1.05e-06,0.0487,-3.785,1,0.0368,169.901,4,0.797,https://api.spotify.com/v1/audio-analysis/153lRbNmhQZVi69kbhmjY8,{'j-pop'}
117,春泥棒,ヨルシカ,4UK2Lzi6fBfUi9rpDt6cik,0.103,0.762,290289,0.595,4.71e-05,0.115,-6.777,1,0.0445,125.047,4,0.858,https://api.spotify.com/v1/audio-analysis/1rr2DJOxV0sHXeUXCAz1yf,{'j-pop'}
118,花に亡霊,ヨルシカ,4UK2Lzi6fBfUi9rpDt6cik,0.573,0.646,241227,0.45,0.0,0.0768,-6.628,1,0.0482,90.01,4,0.413,https://api.spotify.com/v1/audio-analysis/3FUqp10RhCmMjyyB9extmo,{'j-pop'}
119,藍二乗,ヨルシカ,4UK2Lzi6fBfUi9rpDt6cik,0.0946,0.589,245904,0.89,7.56e-05,0.199,-4.328,1,0.0644,105.066,4,0.488,https://api.spotify.com/v1/audio-analysis/6BV77pE4JyUQUtaqnXeKa5,{'j-pop'}
120,アルジャーノン,ヨルシカ,4UK2Lzi6fBfUi9rpDt6cik,0.844,0.663,252787,0.467,3.72e-06,0.102,-8.549,1,0.0317,143.974,4,0.449,https://api.spotify.com/v1/audio-analysis/0DygiZzrBa3T4DaOEQSMrf,{'j-pop'}
121,残機,ZUTOMAYO,38WbKH6oKAZskBhqDFA8Uj,0.418,0.667,230373,0.899,0.0,0.0967,-2.988,1,0.0671,140.954,4,0.826,https://api.spotify.com/v1/audio-analysis/2fJbss5uUmmBqn7qFkmyWj,{'j-pop'}
122,あいつら全員同窓会,ZUTOMAYO,38WbKH6oKAZskBhqDFA8Uj,0.441,0.724,254533,0.925,0.0,0.0527,-2.092,1,0.12,130.977,4,0.91,https://api.spotify.com/v1/audio-analysis/7rzoBRR4LbJZH5t7Q6qeTn,{'j-pop'}
123,秒針を噛む,ZUTOMAYO,38WbKH6oKAZskBhqDFA8Uj,0.0197,0.655,260800,0.962,5.56e-06,0.253,-3.055,0,0.0443,129.902,4,0.775,https://api.spotify.com/v1/audio-analysis/4HgsPAX3MmMgIT60hJ4W4U,{'j-pop'}
124,綺羅キラー,ZUTOMAYO,38WbKH6oKAZskBhqDFA8Uj,0.363,0.634,253133,0.979,1.57e-06,0.354,-2.061,0,0.121,142.043,4,0.651,https://api.spotify.com/v1/audio-analysis/5nnIVX0gjyABWN0JYlNOUE,{'j-pop'}
125,お勉強しといてよ,ZUTOMAYO,38WbKH6oKAZskBhqDFA8Uj,0.0841,0.698,279200,0.875,2.5e-05,0.177,-3.318,1,0.0592,132.031,4,0.868,https://api.spotify.com/v1/audio-analysis/3sgJTMHqDwxfsBIMqvkXKE,{'j-pop'}
126,正しくなれない,ZUTOMAYO,38WbKH6oKAZskBhqDFA8Uj,0.036,0.648,240067,0.679,5.46e-06,0.127,-3.959,1,0.0361,118.67,4,0.484,https://api.spotify.com/v1/audio-analysis/2FHexlZenTsS3lsjUYHiDx,{'j-pop'}
127,勘冴えて悔しいわ,ZUTOMAYO,38WbKH6oKAZskBhqDFA8Uj,0.212,0.632,236960,0.924,3.04e-06,0.0901,-1.829,1,0.129,149.84,4,0.762,https://api.spotify.com/v1/audio-analysis/7zbfS30vKiHU8oBs6Wi1Qp,{'j-pop'}
128,花一匁,ZUTOMAYO,38WbKH6oKAZskBhqDFA8Uj,0.194,0.657,250613,0.977,2.26e-06,0.216,-2.212,0,0.0803,127.036,4,0.893,https://api.spotify.com/v1/audio-analysis/7xwmx6snj1GphKH9ihzo8e,{'j-pop'}
129,ミラーチューン,ZUTOMAYO,38WbKH6oKAZskBhqDFA8Uj,0.364,0.702,249800,0.927,1.32e-06,0.337,-2.59,0,0.0831,127.965,4,0.917,https://api.spotify.com/v1/audio-analysis/6KB2OPefadupVDnVNYq23A,{'j-pop'}
130,ばかじゃないのに,ZUTOMAYO,38WbKH6oKAZskBhqDFA8Uj,0.165,0.68,254827,0.947,3.12e-06,0.316,-2.808,0,0.0833,150.999,4,0.761,https://api.spotify.com/v1/audio-analysis/1fMqXaqP3EhRWQdzxAaZqi,{'j-pop'}
131,POP!,NAYEON,1VwDG9aBflQupaFNjUru9A,0.0361,0.795,168107,0.859,0.0,0.0321,-2.994,1,0.0542,96.986,4,0.356,https://api.spotify.com/v1/audio-analysis/3lOMJTQTd6J34faYwASc33,{'k-pop'}
132,LOVE COUNTDOWN (Feat. Wonstein),NAYEON,1VwDG9aBflQupaFNjUru9A,0.242,0.693,197613,0.844,0.0,0.0618,-2.481,0,0.192,159.937,4,0.862,https://api.spotify.com/v1/audio-analysis/0GnydTKmczMoKOEl1D4URI,{'k-pop'}
133,NO PROBLEM (Feat. Felix of Stray Kids),NAYEON,1VwDG9aBflQupaFNjUru9A,0.0503,0.599,196160,0.752,0.0,0.149,-3.165,1,0.13,115.356,4,0.899,https://api.spotify.com/v1/audio-analysis/4zHvWi4iFAG45lgiN7smLC,{'k-pop'}
134,SUNSET,NAYEON,1VwDG9aBflQupaFNjUru9A,0.724,0.521,193147,0.545,0.0,0.13,-5.309,1,0.0487,84.84,4,0.39,https://api.spotify.com/v1/audio-analysis/6jSauW5Y6KqoQqhE75SWKY,{'k-pop'}
135,ALL OR NOTHING,NAYEON,1VwDG9aBflQupaFNjUru9A,0.144,0.566,184800,0.599,0.0,0.0853,-4.134,1,0.296,180.106,3,0.923,https://api.spotify.com/v1/audio-analysis/6QLs06H0H54PPV90ZUVWRE,{'k-pop'}
136,HAPPY BIRTHDAY TO YOU,NAYEON,1VwDG9aBflQupaFNjUru9A,0.157,0.632,185533,0.768,0.0,0.374,-3.065,0,0.212,173.879,4,0.591,https://api.spotify.com/v1/audio-analysis/4hD3GY02X1jqSeku2G9FxS,{'k-pop'}
137,CANDYFLOSS,NAYEON,1VwDG9aBflQupaFNjUru9A,0.0831,0.832,181413,0.745,0.0,0.177,-3.546,1,0.123,107.995,4,0.711,https://api.spotify.com/v1/audio-analysis/3r6v6awkmqrHLj9yKaYZmZ,{'k-pop'}
138,色彩,yama,7kOrrFIBIBc8uCu2zbxbLv,0.153,0.581,192920,0.921,0.0,0.254,-3.373,0,0.0736,117.045,4,0.856,https://api.spotify.com/v1/audio-analysis/5H37zP5tQCneoCRJEMRcnV,"{'japanese teen pop', 'j-pop'}"
139,Haru wo Tsugeru,yama,7kOrrFIBIBc8uCu2zbxbLv,0.0397,0.548,196497,0.871,0.0,0.357,-5.377,1,0.123,120.009,4,0.487,https://api.spotify.com/v1/audio-analysis/5QseXDzPvtjdeaWNhYbm0m,"{'japanese teen pop', 'j-pop'}"
140,偽顔,yama,7kOrrFIBIBc8uCu2zbxbLv,0.194,0.775,150507,0.719,0.000427,0.104,-7.716,0,0.0436,133.006,4,0.849,https://api.spotify.com/v1/audio-analysis/1CuCtAmIi4Gjk3q9wkWOKw,"{'japanese teen pop', 'j-pop'}"
141,麻痺,yama,7kOrrFIBIBc8uCu2zbxbLv,0.0587,0.309,198040,0.941,0.0,0.435,-3.558,0,0.0763,100.02,4,0.704,https://api.spotify.com/v1/audio-analysis/5v1dhqe9vgvp87eyd27hkb,"{'japanese teen pop', 'j-pop'}"
142,憧れのままに,yama,7kOrrFIBIBc8uCu2zbxbLv,0.088,0.684,205973,0.942,0.0,0.241,-4.14,0,0.0523,143.967,4,0.752,https://api.spotify.com/v1/audio-analysis/6cRZpoOfi9kBOTFxeN8X3t,"{'japanese teen pop', 'j-pop'}"
143,Oz.,yama,7kOrrFIBIBc8uCu2zbxbLv,0.0519,0.355,195867,0.718,3.59e-06,0.382,-4.625,1,0.0353,75.742,4,0.44,https://api.spotify.com/v1/audio-analysis/1Aq9S5teUzfZucr7rVRpSj,"{'japanese teen pop', 'j-pop'}"
144,こだま,yama,7kOrrFIBIBc8uCu2zbxbLv,0.101,0.655,184600,0.806,0.0,0.0487,-2.619,1,0.0374,120.041,4,0.753,https://api.spotify.com/v1/audio-analysis/45UVorDHdb5BugXpHjuorv,"{'japanese teen pop', 'j-pop'}"
145,血流,yama,7kOrrFIBIBc8uCu2zbxbLv,0.201,0.743,208093,0.718,0.0,0.319,-3.766,0,0.0336,136.979,4,0.897,https://api.spotify.com/v1/audio-analysis/0bBl2jjpCFCgRd60BowZoV,"{'japanese teen pop', 'j-pop'}"
146,a.m.3:21,yama,7kOrrFIBIBc8uCu2zbxbLv,0.295,0.634,208409,0.736,0.00011,0.215,-5.006,0,0.109,110.169,4,0.752,https://api.spotify.com/v1/audio-analysis/3oZ1DkKe2ZcvPh5Ffv6L0c,"{'japanese teen pop', 'j-pop'}"
147,slash,yama,7kOrrFIBIBc8uCu2zbxbLv,0.00724,0.523,239800,0.761,0.0,0.333,-4.001,0,0.0517,108.039,4,0.539,https://api.spotify.com/v1/audio-analysis/4UFBf9ETLtJnANWEh2ZjvQ,"{'japanese teen pop', 'j-pop'}"
148,UNTOUCHABLE,ITZY,2KC9Qb60EaY0kW4eH68vr3,0.221,0.762,194093,0.9,0.0,0.0837,-3.257,0,0.127,105.01,4,0.674,https://api.spotify.com/v1/audio-analysis/2HQALWSN6IF4BYrSADMJ0w,"{'k-pop', 'k-pop girl group'}"
149,WANNABE,ITZY,2KC9Qb60EaY0kW4eH68vr3,0.00795,0.809,191242,0.911,0.000179,0.181,-4.41,0,0.0617,122.035,4,0.64,https://api.spotify.com/v1/audio-analysis/4pspYVQGFHLPEFgQPD1J7e,"{'k-pop', 'k-pop girl group'}"
150,CAKE,ITZY,2KC9Qb60EaY0kW4eH68vr3,0.0663,0.801,198887,0.758,4.1e-06,0.0431,-4.31,1,0.0445,103.07,4,0.576,https://api.spotify.com/v1/audio-analysis/3syxwxJqX5jpgjNYmvzdW6,"{'k-pop', 'k-pop girl group'}"
151,BORN TO BE,ITZY,2KC9Qb60EaY0kW4eH68vr3,0.0513,0.613,178773,0.857,0.0,0.037,-2.321,1,0.0605,168.111,4,0.754,https://api.spotify.com/v1/audio-analysis/45lXSvtDt6uKiGZIXB4LLF,"{'k-pop', 'k-pop girl group'}"
152,LOCO,ITZY,2KC9Qb60EaY0kW4eH68vr3,0.0103,0.759,191462,0.886,2.04e-05,0.342,-3.067,1,0.187,102.065,4,0.489,https://api.spotify.com/v1/audio-analysis/56Yxkm62GtEpnPyG7TvwLY,"{'k-pop', 'k-pop girl group'}"
153,Mr. Vampire,ITZY,2KC9Qb60EaY0kW4eH68vr3,0.313,0.63,170080,0.764,0.0,0.479,-4.488,1,0.107,173.873,4,0.477,https://api.spotify.com/v1/audio-analysis/3uI6jqO0fFBoFryc8SJOXw,"{'k-pop', 'k-pop girl group'}"
154,Not Shy,ITZY,2KC9Qb60EaY0kW4eH68vr3,0.155,0.776,177728,0.911,2.59e-06,0.268,-3.08,0,0.131,101.027,4,0.56,https://api.spotify.com/v1/audio-analysis/1ehags7lQMM1qX94VJkoaf,"{'k-pop', 'k-pop girl group'}"
155,Cheshire,ITZY,2KC9Qb60EaY0kW4eH68vr3,0.332,0.79,182453,0.838,7.07e-06,0.357,-3.183,1,0.0501,98.966,4,0.738,https://api.spotify.com/v1/audio-analysis/7ixVW7RobslvMrvlzHYLha,"{'k-pop', 'k-pop girl group'}"
156,In the morning,ITZY,2KC9Qb60EaY0kW4eH68vr3,0.0823,0.846,172373,0.814,0.00094,0.13,-4.685,0,0.149,140.055,4,0.722,https://api.spotify.com/v1/audio-analysis/1Wcr8zrKqbUX0zwN8Dbr16,"{'k-pop', 'k-pop girl group'}"
157,DALLA DALLA,ITZY,2KC9Qb60EaY0kW4eH68vr3,0.00116,0.79,199874,0.853,4.23e-05,0.329,-4.564,0,0.0666,125.0,4,0.713,https://api.spotify.com/v1/audio-analysis/38rUIlTX93Aoif3WcY1wv6,"{'k-pop', 'k-pop girl group'}"
158,Gashina,SUNMI,6MoXcK2GyGg7FIyxPU5yW6,0.0556,0.722,180000,0.833,0.0,0.195,-3.915,1,0.094,93.941,4,0.53,https://api.spotify.com/v1/audio-analysis/0jFHMDRXxKaREor3hBEEST,{'k-pop'}
159,Heart Burn,SUNMI,6MoXcK2GyGg7FIyxPU5yW6,0.0287,0.84,193173,0.656,4.38e-06,0.0714,-5.162,0,0.0401,121.99,4,0.783,https://api.spotify.com/v1/audio-analysis/4JmbtS0Muijl37KP9lDscy,{'k-pop'}
160,TAIL,SUNMI,6MoXcK2GyGg7FIyxPU5yW6,0.0435,0.515,190960,0.858,1.8e-05,0.0796,-3.136,1,0.19,125.07,4,0.428,https://api.spotify.com/v1/audio-analysis/7muTXW7kGytN3zdomku6FV,{'k-pop'}
161,Shivers (feat. Jessi & SUNMI),Ed Sheeran,6eUKZXaKkcviH0Ku9w2n3V,0.268,0.739,207867,0.873,0.0,0.0454,-2.595,1,0.0878,141.026,4,0.863,https://api.spotify.com/v1/audio-analysis/1A3T3npKsrElQTjTEcr3LR,"{'pop', 'singer-songwriter pop', 'uk pop'}"
162,24 Hours,SUNMI,6MoXcK2GyGg7FIyxPU5yW6,0.00549,0.739,201590,0.782,1.5e-05,0.315,-3.964,1,0.103,125.94,4,0.604,https://api.spotify.com/v1/audio-analysis/4ayWErdGIvSo4o6a3lMVLt,{'k-pop'}
163,Heroine,SUNMI,6MoXcK2GyGg7FIyxPU5yW6,0.0582,0.673,195000,0.782,1.4e-06,0.391,-3.911,1,0.0404,121.991,4,0.609,https://api.spotify.com/v1/audio-analysis/5gA9Xn8oPts2aewPgxVkPD,{'k-pop'}
164,pporappippam,SUNMI,6MoXcK2GyGg7FIyxPU5yW6,0.0513,0.714,206617,0.828,0.0652,0.0347,-4.68,0,0.0428,120.014,4,0.318,https://api.spotify.com/v1/audio-analysis/7oQh96s9YemWG3A4zkIbrU,{'k-pop'}
165,Siren,SUNMI,6MoXcK2GyGg7FIyxPU5yW6,0.0142,0.61,199134,0.905,0.0,0.0592,-3.686,0,0.0369,122.012,4,0.521,https://api.spotify.com/v1/audio-analysis/0gEnVDMhKKjF1qXuvBwq91,{'k-pop'}
166,You can't sit with us,SUNMI,6MoXcK2GyGg7FIyxPU5yW6,0.0357,0.61,197413,0.761,0.0,0.173,-3.111,0,0.0432,144.852,4,0.467,https://api.spotify.com/v1/audio-analysis/4aS8OY1JsRSBKGfnAkIOZH,{'k-pop'}
167,STRANGER,SUNMI,6MoXcK2GyGg7FIyxPU5yW6,0.226,0.475,166560,0.581,3.78e-06,0.253,-5.194,0,0.1,62.644,5,0.419,https://api.spotify.com/v1/audio-analysis/3SifPlW12FRs8OQP2VkXSi,{'k-pop'}
168,Standing Next to You,Jung Kook,6HaGTQPmzraVmaVxvz6EUc,0.0447,0.711,206020,0.809,0.0,0.339,-4.389,0,0.0955,106.017,4,0.816,https://api.spotify.com/v1/audio-analysis/2KslE17cAJNHTsI2MI0jb2,{'k-pop'}
169,Seven (feat. Latto) (Explicit Ver.),Jung Kook,6HaGTQPmzraVmaVxvz6EUc,0.312,0.79,183551,0.831,0.0,0.0797,-4.185,1,0.044,124.987,4,0.872,https://api.spotify.com/v1/audio-analysis/2HRgqmZQC0MC7GeNuDIXHN,{'k-pop'}
170,3D (feat. Jack Harlow),Jung Kook,6HaGTQPmzraVmaVxvz6EUc,0.0322,0.853,201812,0.824,0.0,0.0859,-3.287,1,0.103,108.044,4,0.888,https://api.spotify.com/v1/audio-analysis/01qFKNWq73UfEslI0GvumE,{'k-pop'}
171,Yes or No,Jung Kook,6HaGTQPmzraVmaVxvz6EUc,0.179,0.671,147557,0.839,0.0,0.0748,-2.645,1,0.0866,83.845,4,0.882,https://api.spotify.com/v1/audio-analysis/2gkVEnpahpE3bQuvGuCpAV,{'k-pop'}
172,Left and Right (Feat. Jung Kook of BTS),Charlie Puth,6VuMaDnrHyPL1p4EHjYLi7,0.619,0.881,154487,0.592,1.32e-05,0.0901,-4.898,1,0.0324,101.058,4,0.719,https://api.spotify.com/v1/audio-analysis/5Odq8ohlgIbQKMZivbWkEo,"{'viral pop', 'pop'}"
173,Please Don't Change (feat. DJ Snake),Jung Kook,6HaGTQPmzraVmaVxvz6EUc,0.164,0.797,146685,0.743,1.2e-06,0.164,-6.005,1,0.174,114.878,4,0.768,https://api.spotify.com/v1/audio-analysis/0k0GtcnyQLMiXrdEDbLXmJ,{'k-pop'}
174,Hate You,Jung Kook,6HaGTQPmzraVmaVxvz6EUc,0.862,0.419,154237,0.274,0.0,0.092,-9.321,1,0.0314,79.595,4,0.25,https://api.spotify.com/v1/audio-analysis/5ONOlTiqymhzwcFjqcIT6E,{'k-pop'}
175,Still With You,Jung Kook,6HaGTQPmzraVmaVxvz6EUc,0.0899,0.529,239906,0.469,1.53e-05,0.831,-6.967,0,0.0358,87.864,4,0.344,https://api.spotify.com/v1/audio-analysis/0eFMbKCRw8KByXyWBw8WO7,{'k-pop'}
176,Standing Next to You (USHER Remix),Jung Kook,6HaGTQPmzraVmaVxvz6EUc,0.0536,0.661,214760,0.823,0.0,0.369,-4.329,0,0.127,105.993,4,0.761,https://api.spotify.com/v1/audio-analysis/0VPFT123HKoQ2J6ipeDcI1,{'k-pop'}
177,Closer to You (feat. Major Lazer),Jung Kook,6HaGTQPmzraVmaVxvz6EUc,0.114,0.781,170995,0.655,0.00249,0.103,-7.073,0,0.0457,113.031,4,0.493,https://api.spotify.com/v1/audio-analysis/06Qo2fYR2KS1F7bL338iVT,{'k-pop'}
178,Drama,aespa,6YVMFz59CuY7ngCxTxjpxE,0.164,0.644,214973,0.872,0.0,0.363,-1.54,0,0.0417,131.016,4,0.378,https://api.spotify.com/v1/audio-analysis/5XWlyfo0kZ8LF7VSyfS4Ew,{'k-pop girl group'}
179,Spicy,aespa,6YVMFz59CuY7ngCxTxjpxE,0.0138,0.757,197040,0.898,0.0,0.0703,-1.247,0,0.0667,114.949,4,0.842,https://api.spotify.com/v1/audio-analysis/3gtlthEgyulDfT8dWdKsnv,{'k-pop girl group'}
180,Savage,aespa,6YVMFz59CuY7ngCxTxjpxE,0.124,0.727,238144,0.879,1.17e-05,0.244,-1.167,1,0.129,146.959,4,0.671,https://api.spotify.com/v1/audio-analysis/3dbLT62Cvs46Ju7a8gpr36,{'k-pop girl group'}
181,Better Things,aespa,6YVMFz59CuY7ngCxTxjpxE,0.11,0.782,203216,0.767,0.00323,0.496,-5.383,1,0.0529,115.027,4,0.548,https://api.spotify.com/v1/audio-analysis/330IIz7d75eqAsKq1xhzXR,{'k-pop girl group'}
182,Hold On Tight,aespa,6YVMFz59CuY7ngCxTxjpxE,0.0911,0.586,149719,0.816,2.81e-06,0.235,-6.331,1,0.283,119.8,4,0.265,https://api.spotify.com/v1/audio-analysis/1o844wI52S3TjXGBwvGcc7,{'k-pop girl group'}
183,Next Level,aespa,6YVMFz59CuY7ngCxTxjpxE,0.488,0.82,221573,0.852,5.94e-06,0.0907,-2.567,0,0.166,109.036,4,0.82,https://api.spotify.com/v1/audio-analysis/2zrhoHlFKxFTRF5aMyxMoQ,{'k-pop girl group'}
184,Black Mamba,aespa,6YVMFz59CuY7ngCxTxjpxE,0.064,0.612,174933,0.912,0.000799,0.0843,-2.853,1,0.0796,90.006,4,0.472,https://api.spotify.com/v1/audio-analysis/6Tj9KfzPp7tmgcDdsaPwGE,{'k-pop girl group'}
185,Illusion,aespa,6YVMFz59CuY7ngCxTxjpxE,0.0814,0.75,195053,0.718,1.75e-05,0.322,-2.817,0,0.0468,90.027,4,0.592,https://api.spotify.com/v1/audio-analysis/396FqjKmViUZ92Wmm4rx3i,{'k-pop girl group'}
186,Lucid Dream,aespa,6YVMFz59CuY7ngCxTxjpxE,0.0539,0.7,210560,0.753,1.72e-05,0.072,-3.841,0,0.0441,97.998,4,0.146,https://api.spotify.com/v1/audio-analysis/285Bh5EkbxGGE76ge8JDbH,{'k-pop girl group'}
187,Girls,aespa,6YVMFz59CuY7ngCxTxjpxE,0.115,0.57,240440,0.974,0.000594,0.125,-0.173,0,0.325,171.958,4,0.65,https://api.spotify.com/v1/audio-analysis/2WTHLEVjfefbGoW7F3dXIg,{'k-pop girl group'}
188,Pop Star - Chaeyoung Remix,Coco & Clair Clair,5FkMS3KgG0cjiRm250NFTJ,0.00982,0.714,208641,0.75,0.000898,0.248,-4.565,1,0.045,127.986,4,0.425,https://api.spotify.com/v1/audio-analysis/4B8cJdFMifPPvmeewY4yiP,{'cloud rap'}
189,DASH,NMIXX,28ot3wh4oNmoFOdVajibBl,0.0843,0.645,166979,0.83,0.0,0.0605,-1.92,0,0.138,179.977,4,0.725,https://api.spotify.com/v1/audio-analysis/2RoYgkPzUY0vY7lhUuyus1,"{'k-pop', 'k-pop girl group'}"
190,Soñar (Breaker),NMIXX,28ot3wh4oNmoFOdVajibBl,0.201,0.86,173053,0.762,0.0,0.082,-3.839,1,0.123,125.074,4,0.787,https://api.spotify.com/v1/audio-analysis/6UwrPxRaR5HPNLDDl7RcT9,"{'k-pop', 'k-pop girl group'}"
191,Love Me Like This,NMIXX,28ot3wh4oNmoFOdVajibBl,0.00775,0.801,188719,0.805,0.0,0.0588,-4.169,0,0.0641,97.021,4,0.664,https://api.spotify.com/v1/audio-analysis/6P3CtlzTKLxcNYGOS3es8m,"{'k-pop', 'k-pop girl group'}"
192,DICE,NMIXX,28ot3wh4oNmoFOdVajibBl,0.0839,0.557,165747,0.798,0.0,0.302,-3.331,1,0.253,131.085,4,0.63,https://api.spotify.com/v1/audio-analysis/5aaE27JUylnG7aPtGJPrrC,"{'k-pop', 'k-pop girl group'}"
193,O.O,NMIXX,28ot3wh4oNmoFOdVajibBl,0.0368,0.389,172936,0.77,3.79e-06,0.0598,-3.92,0,0.297,200.263,4,0.295,https://api.spotify.com/v1/audio-analysis/44zfpg3ndtGESsgpTbWeyE,"{'k-pop', 'k-pop girl group'}"
194,Run For Roses,NMIXX,28ot3wh4oNmoFOdVajibBl,0.356,0.671,215293,0.764,0.0,0.154,-4.146,0,0.0408,91.994,4,0.604,https://api.spotify.com/v1/audio-analysis/4byr9TsXs4qtm8rG2FfwRW,"{'k-pop', 'k-pop girl group'}"
195,Roller Coaster,NMIXX,28ot3wh4oNmoFOdVajibBl,0.0956,0.713,179373,0.899,0.0,0.387,-3.386,1,0.0584,120.027,4,0.611,https://api.spotify.com/v1/audio-analysis/1fP8o0lIaSIE5jEeblT8df,"{'k-pop', 'k-pop girl group'}"
196,Like Magic,J.Y. Park,1TTx0YcbKUtJIZY1HEnh9B,0.0137,0.627,164267,0.869,0.0,0.104,-3.308,1,0.305,170.056,4,0.649,https://api.spotify.com/v1/audio-analysis/1bN4ejW5IMmL4CRVG6Fxfk,{'classic k-pop'}
197,Party O'Clock,NMIXX,28ot3wh4oNmoFOdVajibBl,0.149,0.739,183547,0.865,0.0,0.124,-2.847,0,0.0872,127.995,4,0.707,https://api.spotify.com/v1/audio-analysis/0HdcJkzhhhzID0nXEpIVgH,"{'k-pop', 'k-pop girl group'}"
198,"Young, Dumb, Stupid",NMIXX,28ot3wh4oNmoFOdVajibBl,0.0519,0.705,190787,0.791,0.0,0.117,-3.402,1,0.24,188.035,4,0.722,https://api.spotify.com/v1/audio-analysis/09BWOhiJUaYufcOiKCA973,"{'k-pop', 'k-pop girl group'}"
199,MORE,j-hope,0b1sIQumIAsNbqAoIClSpy,0.00537,0.783,180022,0.722,0.00209,0.105,-4.864,1,0.0357,97.031,4,0.306,https://api.spotify.com/v1/audio-analysis/7GARzfC1mwhDuk4t9WOACq,"{'k-pop', 'k-rap'}"
200,on the street (with J. Cole),j-hope,0b1sIQumIAsNbqAoIClSpy,0.532,0.681,214701,0.821,0.00111,0.0921,-5.12,0,0.131,94.074,4,0.813,https://api.spotify.com/v1/audio-analysis/5wxYxygyHpbgv0EXZuqb9V,"{'k-pop', 'k-rap'}"
201,Arson,j-hope,0b1sIQumIAsNbqAoIClSpy,0.00813,0.938,159762,0.798,7.03e-05,0.146,-3.998,1,0.103,99.992,4,0.265,https://api.spotify.com/v1/audio-analysis/2QWEMqQMJR1KDf6hDjJOs6,"{'k-pop', 'k-rap'}"
202,= (Equal Sign),j-hope,0b1sIQumIAsNbqAoIClSpy,0.0155,0.673,114477,0.75,5.44e-06,0.348,-5.831,1,0.0655,105.848,4,0.708,https://api.spotify.com/v1/audio-analysis/70XnKsO3UnIT4FnEwChQXx,"{'k-pop', 'k-rap'}"
203,HUH?! (feat. j-hope),Agust D,5RmQ8k4l3HZ8JoPb4mNsML,0.207,0.763,183290,0.806,0.0,0.229,-2.785,1,0.302,139.911,4,0.522,https://api.spotify.com/v1/audio-analysis/6XrPzwKeGzEvtan3acn7VH,{'k-rap'}
204,Chicken Noodle Soup (feat. Becky G),j-hope,0b1sIQumIAsNbqAoIClSpy,0.00496,0.827,235497,0.817,1.19e-05,0.294,-4.081,1,0.0953,97.008,4,0.167,https://api.spotify.com/v1/audio-analysis/2y6Ty2NPAsP84XJAtzLxuk,"{'k-pop', 'k-rap'}"
205,Daydream (백일몽),j-hope,0b1sIQumIAsNbqAoIClSpy,0.00512,0.749,228759,0.961,0.0,0.175,-6.518,0,0.0874,116.037,4,0.859,https://api.spotify.com/v1/audio-analysis/56sdcbPR74RxqmKVbQzJ8s,"{'k-pop', 'k-rap'}"
206,Future,j-hope,0b1sIQumIAsNbqAoIClSpy,0.0652,0.717,139308,0.822,0.0,0.36,-5.249,1,0.0879,102.042,4,0.764,https://api.spotify.com/v1/audio-analysis/0Puudh380z6cOCgMaTNm7h,"{'k-pop', 'k-rap'}"
207,Airplane,j-hope,0b1sIQumIAsNbqAoIClSpy,0.65,0.801,197914,0.651,0.0,0.109,-7.855,1,0.0579,119.992,4,0.238,https://api.spotify.com/v1/audio-analysis/2jk6oBuLiCZJTDWhlJEzIw,"{'k-pop', 'k-rap'}"
208,Hope World,j-hope,0b1sIQumIAsNbqAoIClSpy,0.0138,0.706,204931,0.895,0.0,0.595,-4.456,1,0.16,117.007,4,0.771,https://api.spotify.com/v1/audio-analysis/5UMPPsXaGbR1qtzcnEtTpM,"{'k-pop', 'k-rap'}"
209,唱,Ado,6mEQK9m2krja6X1cfsAjfl,0.172,0.616,189773,0.975,1.62e-06,0.143,-0.425,0,0.208,132.054,4,0.742,https://api.spotify.com/v1/audio-analysis/7o0TPSw494RG2Q4iWmd1v6,"{'japanese teen pop', 'j-pop'}"
210,Usseewa,Ado,6mEQK9m2krja6X1cfsAjfl,0.00459,0.526,206893,0.976,0.0,0.102,-1.084,0,0.0799,178.129,4,0.554,https://api.spotify.com/v1/audio-analysis/61KYsWS25JXUO4fGb1138X,"{'japanese teen pop', 'j-pop'}"
211,New Genesis,Ado,6mEQK9m2krja6X1cfsAjfl,0.049,0.49,226813,0.987,3.24e-06,0.406,-2.279,1,0.253,175.064,4,0.451,https://api.spotify.com/v1/audio-analysis/6A8NfypDHuwiLWbo4a1yca,"{'japanese teen pop', 'j-pop'}"
212,Value,Ado,6mEQK9m2krja6X1cfsAjfl,0.0187,0.656,185000,0.774,5.89e-06,0.333,-4.743,1,0.0488,160.064,4,0.59,https://api.spotify.com/v1/audio-analysis/6BEnpVB7g2j8mzWs3MC2kh,"{'japanese teen pop', 'j-pop'}"
213,Backlight,Ado,6mEQK9m2krja6X1cfsAjfl,0.000387,0.564,237667,0.896,8.17e-06,0.374,-3.875,0,0.108,145.023,4,0.713,https://api.spotify.com/v1/audio-analysis/3WY0iazRPHOlIq6CdbKLZ6,"{'japanese teen pop', 'j-pop'}"
214,Odo,Ado,6mEQK9m2krja6X1cfsAjfl,0.153,0.709,210347,0.962,1.77e-06,0.621,-0.753,1,0.106,128.013,4,0.767,https://api.spotify.com/v1/audio-analysis/37bNBNB332HXbSy6079cws,"{'japanese teen pop', 'j-pop'}"
215,I’m invincible,Ado,6mEQK9m2krja6X1cfsAjfl,0.208,0.577,257080,0.864,0.0,0.355,-2.92,1,0.0447,96.04,4,0.698,https://api.spotify.com/v1/audio-analysis/7yQnZkAxSiAavC0zFRB1NI,"{'japanese teen pop', 'j-pop'}"
216,クラクラ,Ado,6mEQK9m2krja6X1cfsAjfl,0.0492,0.54,191105,0.958,0.0,0.308,-4.26,1,0.0951,93.852,4,0.652,https://api.spotify.com/v1/audio-analysis/7lcXrOj9HdsHFQfNNBR4XS,"{'japanese teen pop', 'j-pop'}"
217,Aishite Aishite Aishite,Ado,6mEQK9m2krja6X1cfsAjfl,0.234,0.573,258373,0.877,0.0,0.0709,-3.74,1,0.0785,115.005,4,0.251,https://api.spotify.com/v1/audio-analysis/4gpvY7b9wHA9G1ZsMDu15b,"{'japanese teen pop', 'j-pop'}"
218,Fleeting Lullaby,Ado,6mEQK9m2krja6X1cfsAjfl,0.179,0.524,173373,0.914,0.0,0.17,-2.104,1,0.12,89.015,4,0.63,https://api.spotify.com/v1/audio-analysis/1pnXMEGyw85jtg9fFZf4GP,"{'japanese teen pop', 'j-pop'}"
219,Psycho,Red Velvet,1z4g3DjTBBZKhvAroFlhOM,0.193,0.664,210560,0.666,0.0,0.0854,-2.203,1,0.0446,139.987,4,0.405,https://api.spotify.com/v1/audio-analysis/3CYH422oy1cZNoo0GTG1TK,"{'k-pop', 'k-pop girl group'}"
220,Bad Boy,Red Velvet,1z4g3DjTBBZKhvAroFlhOM,0.191,0.714,210818,0.736,0.0,0.0553,-3.801,1,0.0457,149.985,4,0.814,https://api.spotify.com/v1/audio-analysis/5GKwq4sO5ZHKuWaDmdwMQc,"{'k-pop', 'k-pop girl group'}"
221,Chill Kill,Red Velvet,1z4g3DjTBBZKhvAroFlhOM,0.0549,0.531,214800,0.747,0.0,0.244,-3.717,1,0.0946,148.039,4,0.434,https://api.spotify.com/v1/audio-analysis/68gQG2HpRMxIRom4pCugMq,"{'k-pop', 'k-pop girl group'}"
222,러시안 룰렛 Russian Roulette,Red Velvet,1z4g3DjTBBZKhvAroFlhOM,0.055,0.726,211244,0.903,0.000225,0.158,-2.277,0,0.0357,129.986,4,0.958,https://api.spotify.com/v1/audio-analysis/5HiSc2ZCGn8L3cH3qSwzBT,"{'k-pop', 'k-pop girl group'}"
223,Peek-A-Boo,Red Velvet,1z4g3DjTBBZKhvAroFlhOM,0.0868,0.839,189050,0.902,0.00257,0.272,-3.612,0,0.0536,114.953,4,0.639,https://api.spotify.com/v1/audio-analysis/42tFTth2jcF7iSo0RBjfJF,"{'k-pop', 'k-pop girl group'}"
224,Feel My Rhythm,Red Velvet,1z4g3DjTBBZKhvAroFlhOM,0.0648,0.412,210253,0.94,0.0,0.358,-2.171,1,0.215,157.964,4,0.423,https://api.spotify.com/v1/audio-analysis/2oBMZYteeO8DyXV9gDx6Za,"{'k-pop', 'k-pop girl group'}"
225,Red Flavor,Red Velvet,1z4g3DjTBBZKhvAroFlhOM,0.0409,0.709,191139,0.917,0.0,0.0839,-3.315,1,0.189,125.042,4,0.515,https://api.spotify.com/v1/audio-analysis/7nKQ5WAcjnG48knyLuo8gO,"{'k-pop', 'k-pop girl group'}"
226,Queendom,Red Velvet,1z4g3DjTBBZKhvAroFlhOM,0.179,0.695,181760,0.896,0.0,0.0626,-1.24,1,0.0847,119.959,4,0.508,https://api.spotify.com/v1/audio-analysis/6SpPr7K4YQ2wp8jU6uOTmQ,"{'k-pop', 'k-pop girl group'}"
227,Day 1,Red Velvet,1z4g3DjTBBZKhvAroFlhOM,0.112,0.645,206358,0.884,0.0,0.179,-2.801,1,0.0968,171.93,4,0.708,https://api.spotify.com/v1/audio-analysis/74muMkVdMYoR65lhmdzy13,"{'k-pop', 'k-pop girl group'}"
228,미래,Red Velvet,1z4g3DjTBBZKhvAroFlhOM,0.48,0.718,215880,0.865,0.0,0.147,-3.083,1,0.0413,100.013,4,0.56,https://api.spotify.com/v1/audio-analysis/1HZR7A1UE9vBu24j9bZNN7,"{'k-pop', 'k-pop girl group'}"
229,ばかまじめ,Creepy Nuts,0pWR7TsFhvSCnbmHDjWgrE,0.196,0.615,172027,0.934,0.0,0.506,-3.868,0,0.0498,90.967,4,0.808,https://api.spotify.com/v1/audio-analysis/7FiTlLKW0Knj8rm7lMa9N7,{'j-pop'}
230,スパークル,Lilas Ikuta,1qM11R4ylJyQiPJ0DffE9z,0.389,0.617,210500,0.629,0.0,0.0798,-4.122,1,0.0448,149.858,4,0.603,https://api.spotify.com/v1/audio-analysis/3MR8qQiK1Bydhw9WjAzwzU,"{'japanese teen pop', 'j-pop'}"
231,おもかげ (produced by Vaundy),milet,45ft4DyTCEJfQwTBHXpdhM,0.0258,0.488,188060,0.638,2.24e-05,0.12,-4.502,1,0.058,207.906,4,0.713,https://api.spotify.com/v1/audio-analysis/6ts1KCOudfDYXYfyWtq0k1,{'j-pop'}
232,Answer,Lilas Ikuta,1qM11R4ylJyQiPJ0DffE9z,0.428,0.566,242106,0.509,0.0,0.125,-5.342,1,0.0367,79.885,4,0.441,https://api.spotify.com/v1/audio-analysis/0avegfB0TQ8cGDk9nuxcOQ,"{'japanese teen pop', 'j-pop'}"
233,レンズ,Lilas Ikuta,1qM11R4ylJyQiPJ0DffE9z,0.341,0.64,233461,0.441,0.0,0.144,-4.669,1,0.0342,81.979,4,0.341,https://api.spotify.com/v1/audio-analysis/6RiJ001BNFvjcOvt8r6VNG,"{'japanese teen pop', 'j-pop'}"
234,ロマンスの約束,Lilas Ikuta,1qM11R4ylJyQiPJ0DffE9z,0.139,0.602,222067,0.721,0.0,0.0939,-4.942,1,0.0404,93.204,4,0.525,https://api.spotify.com/v1/audio-analysis/1tevypbWcDiPoUSlxKkaUu,"{'japanese teen pop', 'j-pop'}"
235,Name of Life,Lilas Ikuta,1qM11R4ylJyQiPJ0DffE9z,0.947,0.494,269840,0.322,0.0,0.109,-7.125,1,0.0262,81.968,4,0.164,https://api.spotify.com/v1/audio-analysis/3E7Tmjfqt4PpulTC9sjXSh,"{'japanese teen pop', 'j-pop'}"
236,With,Lilas Ikuta,1qM11R4ylJyQiPJ0DffE9z,0.808,0.482,227906,0.603,0.0,0.148,-6.539,1,0.0344,79.922,4,0.176,https://api.spotify.com/v1/audio-analysis/3yYu68P1WYsGCevgip6w2G,"{'japanese teen pop', 'j-pop'}"
237,ノスタルジア,Lilas Ikuta,1qM11R4ylJyQiPJ0DffE9z,0.162,0.533,309200,0.635,0.0,0.103,-4.368,1,0.0301,147.879,4,0.541,https://api.spotify.com/v1/audio-analysis/5LcDuMPZLDdrTPRWyiCQZC,"{'japanese teen pop', 'j-pop'}"
238,蒲公英,Lilas Ikuta,1qM11R4ylJyQiPJ0DffE9z,0.0813,0.676,191486,0.637,2.02e-05,0.139,-4.407,0,0.0367,107.05,4,0.51,https://api.spotify.com/v1/audio-analysis/7D4jDmHtDGiUSdf6BBb29C,"{'japanese teen pop', 'j-pop'}"
239,Monster,Red Velvet - IRENE & SEULGI,6bwp9ObI8FWvMPCIWVBmhl,0.212,0.631,178413,0.748,0.0,0.537,-2.569,0,0.0488,115.665,4,0.351,https://api.spotify.com/v1/audio-analysis/6c1QaQHdDhtFMfUkhueuXK,{'k-pop'}
240,Naughty,Red Velvet - IRENE & SEULGI,6bwp9ObI8FWvMPCIWVBmhl,0.055,0.693,198520,0.759,1.36e-06,0.116,-2.9,1,0.208,112.983,4,0.635,https://api.spotify.com/v1/audio-analysis/0P8lbWigAHXPKxUG60xh79,{'k-pop'}
241,Feel Good,Red Velvet - IRENE & SEULGI,6bwp9ObI8FWvMPCIWVBmhl,0.047,0.577,193120,0.657,6.93e-05,0.209,-5.132,1,0.244,97.954,4,0.303,https://api.spotify.com/v1/audio-analysis/59yaVNyPDsHYGnsDTJSH67,{'k-pop'}
242,Jelly,Red Velvet - IRENE & SEULGI,6bwp9ObI8FWvMPCIWVBmhl,0.106,0.621,192933,0.919,5.47e-06,0.0604,-2.594,1,0.0401,168.029,4,0.921,https://api.spotify.com/v1/audio-analysis/6mu2cymBOKqnp4QP0966fW,{'k-pop'}
243,Diamond,Red Velvet - IRENE & SEULGI,6bwp9ObI8FWvMPCIWVBmhl,0.143,0.717,196173,0.731,1e-06,0.119,-3.74,0,0.0442,91.035,4,0.498,https://api.spotify.com/v1/audio-analysis/41vPeGMYDN84rC9FSv4BTl,{'k-pop'}
244,Uncover (Sung by SEULGI) - Bonus Track,Red Velvet - IRENE & SEULGI,6bwp9ObI8FWvMPCIWVBmhl,0.524,0.461,221957,0.61,2.83e-05,0.23,-6.276,0,0.25,77.562,4,0.424,https://api.spotify.com/v1/audio-analysis/7mWe6HT5DzFuNdvbn8T7wA,{'k-pop'}
245,Naughty - Demicat Remix,Red Velvet - IRENE & SEULGI,6bwp9ObI8FWvMPCIWVBmhl,0.0102,0.742,233773,0.772,0.0185,0.137,-3.295,1,0.073,107.976,4,0.358,https://api.spotify.com/v1/audio-analysis/45g8e6lIciCHoaEDNbY7nA,{'k-pop'}
246,Take a Look at Me,DAHYUN,2WfpdUGuiHssM0oAxRYhxq,0.687,0.656,172500,0.541,0.00395,0.111,-6.226,1,0.0292,139.921,4,0.206,https://api.spotify.com/v1/audio-analysis/6zoXyKq2X2Ee82hrNxL7Ni,set()
